{"web":{"client_id":"70658771246-03pvcul3mn3ltstnaumlgm72mvidm41e.apps.googleusercontent.com","project_id":"photo2-454613","auth_uri":"https://accounts.google.com/o/oauth2/auth","token_uri":"https://oauth2.googleapis.com/token","auth_provider_x509_cert_url":"https://www.googleapis.com/oauth2/v1/certs","client_secret":"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","redirect_uris":["http://localhost","http://localhost:5000/callback","http://localhost:8080/callback","http://localhost:8080","http://localhost:5000","http://127.0.0.1:5000/callback","http://localhost:8000","http://localhost:8000/callback","http://127.0.0.1:8000/callback"],"javascript_origins":["http://localhost:5000","http://localhost:8080","http://localhost:8000"]}}